{"cameraMode":{"drawMode":0,"name":"Shaded","section":"Shading Mode"},"sceneLighting":true,"audioPlay":false,"sceneViewState":{"showFog":true,"showMaterialUpdate":false,"showSkybox":true,"showFlares":true,"showImageEffects":true,"showParticleSystems":true},"in2DMode":false,"pivot":{"x":45.178524017333987,"y":0.4989163875579834,"z":53.06843185424805},"rotation":{"x":0.12748920917510987,"y":-0.32390549778938296,"z":0.04409988597035408,"w":0.9364503622055054},"size":1.8732187747955323,"orthographic":false}