{"cameraMode":{"drawMode":0,"name":"Shaded","section":"Shading Mode"},"sceneLighting":true,"audioPlay":false,"sceneViewState":{"showFog":true,"showMaterialUpdate":false,"showSkybox":true,"showFlares":true,"showImageEffects":true,"showParticleSystems":true},"in2DMode":false,"pivot":{"x":46.78409194946289,"y":1.7284939289093018,"z":51.157440185546878},"rotation":{"x":-0.042523566633462909,"y":0.9574506878852844,"z":-0.20588596165180207,"w":-0.19777590036392213},"size":1.3554213047027588,"orthographic":false}