{"cameraMode":{"drawMode":0,"name":"Shaded","section":"Shading Mode"},"sceneLighting":true,"audioPlay":false,"sceneViewState":{"showFog":true,"showMaterialUpdate":false,"showSkybox":true,"showFlares":true,"showImageEffects":true,"showParticleSystems":true},"in2DMode":false,"pivot":{"x":49.84339141845703,"y":0.5090506076812744,"z":47.486122131347659},"rotation":{"x":-0.11522185057401657,"y":-0.3617856204509735,"z":0.045589812099933627,"w":-0.9241273999214172},"size":0.7650324702262878,"orthographic":false}